<?xml version="1.0" encoding="UTF-8"?>
<!--
 ~  Copyright (c) 2016, WSO2 Inc. (http://www.wso2.org) All Rights Reserved.
 ~
 ~  WSO2 Inc. licenses this file to you under the Apache License,
 ~  Version 2.0 (the "License"); you may not use this file except
 ~  in compliance with the License.
 ~  You may obtain a copy of the License at
 ~
 ~    http://www.apache.org/licenses/LICENSE-2.0
 ~
 ~  Unless required by applicable law or agreed to in writing,
 ~  software distributed under the License is distributed on an
 ~  "AS IS" BASIS, WITHOUT WARRANTIES OR CONDITIONS OF ANY
 ~  KIND, either express or implied.  See the License for the
 ~  specific language governing permissions and limitations
 ~  under the License.
-->

<component name="twilio-cloud-connector-account" type="synapse/template">

    <subComponents>
        <!-- Accounts -->
        <component name="init">
            <file>init.xml</file>
            <description>Configure Twilio Account with AccountSid and AuthToken</description>
        </component>
        <component name="getAccount">
            <file>getAccount.xml</file>
            <description>Get the details associated with the account</description>
        </component>
        <component name="getAccountsList">
            <file>getAccountsList.xml</file>
            <description>Get the details of all accounts associated with the configured account with
                the given list
                filters
            </description>
        </component>
        <component name="updateAccount">
            <file>updateAccount.xml</file>
            <description>Updates the account (Status can be only changed in sub accounts)
            </description>
        </component>
        <component name="createSubAccount">
            <file>createSubAccount.xml</file>
            <description>Creates a sub account under the pre configured main account</description>
        </component>
    </subComponents>

</component>
