<?xml version="1.0" encoding="UTF-8"?>
<!--
 ~  Copyright (c) 2016, WSO2 Inc. (http://www.wso2.org) All Rights Reserved.
 ~
 ~  WSO2 Inc. licenses this file to you under the Apache License,
 ~  Version 2.0 (the "License"); you may not use this file except
 ~  in compliance with the License.
 ~  You may obtain a copy of the License at
 ~
 ~    http://www.apache.org/licenses/LICENSE-2.0
 ~
 ~  Unless required by applicable law or agreed to in writing,
 ~  software distributed under the License is distributed on an
 ~  "AS IS" BASIS, WITHOUT WARRANTIES OR CONDITIONS OF ANY
 ~  KIND, either express or implied.  See the License for the
 ~  specific language governing permissions and limitations
 ~  under the License.
-->

<component name="twilio-cloud-connector-queue" type="synapse/template">

    <subComponents>
        <!-- Queues -->
        <component name="getQueue">
            <file>getQueue.xml</file>
            <description>Retrieve a call queue as represented by an SID</description>
        </component>
        <component name="updateQueue">
            <file>updateQueue.xml</file>
            <description>Retrieve a call queue as represented by an SID and update its parameters
            </description>
        </component>
        <component name="getQueueList">
            <file>getQueueList.xml</file>
            <description>Retrieve the list of queues from the specified account</description>
        </component>
        <component name="createQueue">
            <file>createQueue.xml</file>
            <description>Create a new queue instance and add it to the current account's list of
                queues
            </description>
        </component>
        <component name="getMember">
            <file>getMember.xml</file>
            <description>Retrieve a member instance from a queue</description>
        </component>
        <component name="dequeueMember">
            <file>dequeueMember.xml</file>
            <description>Dequeue a member instance from a queue</description>
        </component>
        <component name="getMemberList">
            <file>getMemberList.xml</file>
            <description>Retrieve a list of member instance from a queue</description>
        </component>
    </subComponents>

</component>
