<?xml version="1.0" encoding="UTF-8"?>
<!--
 ~  Copyright (c) 2016, WSO2 Inc. (http://www.wso2.org) All Rights Reserved.
 ~
 ~  WSO2 Inc. licenses this file to you under the Apache License,
 ~  Version 2.0 (the "License"); you may not use this file except
 ~  in compliance with the License.
 ~  You may obtain a copy of the License at
 ~
 ~    http://www.apache.org/licenses/LICENSE-2.0
 ~
 ~  Unless required by applicable law or agreed to in writing,
 ~  software distributed under the License is distributed on an
 ~  "AS IS" BASIS, WITHOUT WARRANTIES OR CONDITIONS OF ANY
 ~  KIND, either express or implied.  See the License for the
 ~  specific language governing permissions and limitations
 ~  under the License.
-->

<component name="twilio-cloud-connector-usage" type="synapse/template">
    <subComponents>
        <component name="getUsageRecordList">
            <file>getUsageRecordList.xml</file>
            <description>Get usage record list</description>
        </component>
        <component name="getUsageTriggerList">
            <file>getUsageTriggerList.xml</file>
            <description>Get usage trigger list</description>
        </component>
        <component name="getUsageTrigger">
            <file>getUsageTrigger.xml</file>
            <description>Get usage trigger</description>
        </component>
        <component name="updateUsageTrigger">
            <file>updateUsageTrigger.xml</file>
            <description>Update usage trigger</description>
        </component>
        <component name="removeUsageTrigger">
            <file>removeUsageTrigger.xml</file>
            <description>Remove usage trigger</description>
        </component>
        <component name="addUsageTrigger">
            <file>addUsageTrigger.xml</file>
            <description>Add usage trigger</description>
        </component>
    </subComponents>
</component>
