<?xml version="1.0" encoding="UTF-8"?>
<!--
 ~  Copyright (c) 2016, WSO2 Inc. (http://www.wso2.org) All Rights Reserved.
 ~
 ~  WSO2 Inc. licenses this file to you under the Apache License,
 ~  Version 2.0 (the "License"); you may not use this file except
 ~  in compliance with the License.
 ~  You may obtain a copy of the License at
 ~
 ~    http://www.apache.org/licenses/LICENSE-2.0
 ~
 ~  Unless required by applicable law or agreed to in writing,
 ~  software distributed under the License is distributed on an
 ~  "AS IS" BASIS, WITHOUT WARRANTIES OR CONDITIONS OF ANY
 ~  KIND, either express or implied.  See the License for the
 ~  specific language governing permissions and limitations
 ~  under the License.
-->

<component name="twilio-cloud-connector-call" type="synapse/template">

    <subComponents>
        <!--Calls-->
        <component name="makeCall">
            <file>makeCall.xml</file>
            <description>Make A Call</description>
        </component>
        <component name="getCall">
            <file>getCall.xml</file>
            <description>Get details of a single Incoming or Outgoing Call</description>
        </component>
        <component name="getCallList">
            <file>getCallList.xml</file>
            <description>Get a list of incoming and outgoing calls</description>
        </component>
        <component name="modifyLiveCall">
            <file>modifyLiveCall.xml</file>
            <description>Modify a live call</description>
        </component>
        <component name="getTranscription">
            <file>getTranscription.xml</file>
            <description>Get recorded transcriptions by Transcription SID</description>
        </component>
        <component name="getTranscriptionList">
            <file>getTranscriptionList.xml</file>
            <description>Get a list of recorded transcriptions</description>
        </component>
        <component name="getRecording">
            <file>getRecording.xml</file>
            <description>Get a recording</description>
        </component>
        <component name="getRecordingList">
            <file>getRecordingList.xml</file>
            <description>Get a list of recordings</description>
        </component>
        <component name="deleteRecording">
            <file>deleteRecording.xml</file>
            <description>Delete a recording</description>
        </component>
    </subComponents>

</component>
