<?xml version="1.0" encoding="UTF-8"?>
<!--
 ~  Copyright (c) 2016, WSO2 Inc. (http://www.wso2.org) All Rights Reserved.
 ~
 ~  WSO2 Inc. licenses this file to you under the Apache License,
 ~  Version 2.0 (the "License"); you may not use this file except
 ~  in compliance with the License.
 ~  You may obtain a copy of the License at
 ~
 ~    http://www.apache.org/licenses/LICENSE-2.0
 ~
 ~  Unless required by applicable law or agreed to in writing,
 ~  software distributed under the License is distributed on an
 ~  "AS IS" BASIS, WITHOUT WARRANTIES OR CONDITIONS OF ANY
 ~  KIND, either express or implied.  See the License for the
 ~  specific language governing permissions and limitations
 ~  under the License.
-->

<template name="modifyLiveCall" xmlns="http://ws.apache.org/ns/synapse">
    <!--Required-->
    <parameter name="callSid"/>
    <!--Available parameters to be modified (Optional).
        See http://www.twilio.com/docs/api/rest/change-call-state#post-parameters for full specification and allowed values.
    -->
    <parameter name="url"/>
    <parameter name="method"/>
    <parameter name="status"/>
    <parameter name="fallbackUrl"/>
    <parameter name="fallbackMethod"/>
    <parameter name="statusCallback"/>
    <parameter name="statusCallbackMethod"/>
    <sequence>
        <class name="org.wso2.carbon.connector.twilio.call.ModifyLiveCall"/>
    </sequence>
</template>
